onset	duration	trial_type	value	sample
9.744	4.0	Tgt3	3	2436
28.244	4.0	Tgt2	2	7061
48.092	4.0	Tgt4	4	12023
66.392	4.0	Tgt1	1	16598
87.268	4.0	Tgt2	2	21817
106.336	4.0	Tgt3	3	26584
125.164	4.0	Tgt4	4	31291
144.2	4.0	Tgt1	1	36050
163.988	4.0	Tgt2	2	40997
180.972	4.0	Tgt4	4	45243
199.684	4.0	Tgt3	3	49921
219.844	4.0	Tgt4	4	54961
239.08	4.0	Tgt1	1	59770
258.064	4.0	Tgt3	3	64516
277.624	4.0	Tgt1	1	69406
296.352	4.0	Tgt2	2	74088
315.596	4.0	Tgt4	4	78899
333.26	4.0	Tgt2	2	83315
353.56	4.0	Tgt1	1	88390
373.224	4.0	Tgt4	4	93306
392.2	4.0	Tgt2	2	98050
409.94	4.0	Tgt3	3	102485
429.744	4.0	Tgt1	1	107436
449.944	4.0	Tgt4	4	112486
468.232	4.0	Tgt3	3	117058
486.56	4.0	Tgt2	2	121640
507.796	4.0	Tgt3	3	126949
525.368	4.0	Tgt4	4	131342
544.188	4.0	Tgt2	2	136047
564.8	4.0	Tgt1	1	141200
